<conductconfig>
    <load>
        <conduct>
            <location>66_1/L0</location>
            <p unit="W" multiplier="M" valuefixed="true">
                <data sequence="1" value="0.015"/>
                <data sequence="2" value="0.015"/>
                <data sequence="3" value="0.015"/>
                <data sequence="4" value="0.015"/>
                <data sequence="5" value="0.015"/>
                <data sequence="6" value="0.015"/>
                <data sequence="7" value="0.015"/>
                <data sequence="8" value="0.015"/>
                <data sequence="9" value="0.015"/>
                <data sequence="10" value="0.015"/>

            </p>
            <cablelength unit="m" multiplier="K">0.05</cablelength>
            <cabletype>4Cx70</cabletype>
        </conduct>
        <conduct>
            <location>66_1/L1</location>
            <p unit="W" multiplier="M" valuefixed="true">
                <data sequence="1" value=".02"/>
            </p>
            <cablelength unit="m" multiplier="K">0.05</cablelength>
            <cabletype>4Cx70</cabletype>
        </conduct>
        <conduct>
            <location>66_2/L8</location>
            <p unit="W" multiplier="M" valuefixed="true">
                <data sequence="1" value=".02"/>
            </p>
            <cablelength unit="m" multiplier="K">0.05</cablelength>
            <cabletype>4Cx70</cabletype>
        </conduct>
        <conduct>
            <location>66_2/L9</location>
            <p unit="W" multiplier="M" valuefixed="true">
                <data sequence="1" value="0.015"/>
            </p>
            <cablelength unit="m" multiplier="K">0.05</cablelength>
            <cabletype>4Cx70</cabletype>
        </conduct>
        <conduct>
            <location>11_1/L2</location>
            <p unit="W" multiplier="M" valuefixed="true">
                <data sequence="1" value="0.1"/>
            </p>
            <cablelength unit="m" multiplier="K">0.06</cablelength>
            <cabletype>4Cx25</cabletype>
        </conduct>
        <conduct>
            <location>11_1/L3</location>
            <p unit="W" multiplier="M" valuefixed="true">
                <data sequence="1" value="0.015"/>
            </p>
            <cablelength unit="m" multiplier="K">0.07</cablelength>
            <cabletype>4Cx25</cabletype>
        </conduct>
        <conduct>
            <location>11_1/L4</location>
            <p unit="W" multiplier="M" valuefixed="true">
                <data sequence="1" value=".015"/>
            </p>
            <cablelength unit="m" multiplier="K">0.06</cablelength>
            <cabletype>4Cx25</cabletype>
        </conduct>
        <conduct>
            <location>11_2/L5</location>
            <p unit="W" multiplier="M" valuefixed="true">
                <data sequence="1" value="0.015"/>
            </p>
            <cablelength unit="m" multiplier="K">0.05</cablelength>
            <cabletype>4Cx25</cabletype>
        </conduct>
        <conduct>
            <location>11_2/L6</location>
            <p unit="W" multiplier="M" valuefixed="true">
                <data sequence="1" value="0.015"/>
            </p>
            <cablelength unit="m" multiplier="K">0.05</cablelength>
            <cabletype>4Cx25</cabletype>
        </conduct>
        <conduct>
            <location>11_2/L7</location>
            <p unit="W" multiplier="M" valuefixed="true">
                <data sequence="1" value="0.1"/>
            </p>
            <cablelength unit="m" multiplier="K">0.05</cablelength>
            <cabletype>4Cx25</cabletype>
        </conduct>
    </load>
    <circuitbreaker>
        <conduct>
            <location>Feeder1</location>
            <inoperation>
                <data sequence="1" value="true"/>
            </inoperation>
        </conduct>
        <conduct>
            <location>Feeder2</location>
            <inoperation>
                <data sequence="1" value="true"/>
            </inoperation>
        </conduct>
        <conduct>
            <location>L0</location>
            <inoperation>
                <data sequence="1" value="true"/>
            </inoperation>
        </conduct>
        <conduct>
            <location>L1</location>
            <inoperation>
                <data sequence="1" value="true"/>
            </inoperation>
        </conduct>
        <conduct>
            <location>CB12</location>
            <inoperation>
                <data sequence="1" value="false"/>
            </inoperation>
        </conduct>
        <conduct>
            <location>L8</location>
            <inoperation>
                <data sequence="1" value="true"/>
            </inoperation>
        </conduct>
        <conduct>
            <location>L9</location>
            <inoperation>
                <data sequence="1" value="true"/>
            </inoperation>
        </conduct>



        <conduct>
            <location>T166</location>
            <inoperation>
                <data sequence="1" value="true"/>
                <data sequence="3" value="false"/>
                <data sequence="4" value="false"/>
                <data sequence="5" value="false"/>
                <data sequence="6" value="false"/>
                <data sequence="7" value="false"/>
                <data sequence="8" value="false"/>
                <data sequence="9" value="false"/>
                <data sequence="10" value="false"/>
            </inoperation>
        </conduct>
        <conduct>
            <location>T111</location>
            <inoperation>
                <data sequence="1" value="true"/>
                <data sequence="3" value="false"/>
                <data sequence="4" value="false"/>
                <data sequence="5" value="false"/>
                <data sequence="6" value="false"/>
                <data sequence="7" value="false"/>
                <data sequence="8" value="false"/>
                <data sequence="9" value="false"/>
                <data sequence="10" value="false"/>
            </inoperation>
        </conduct>
        <conduct>
            <location>T266</location>
            <inoperation>
                <data sequence="1" value="true"/>
                <data sequence="7" value="false"/>
                <data sequence="8" value="false"/>
                <data sequence="9" value="false"/>
                <data sequence="10" value="false"/>
            </inoperation>
        </conduct>
        <conduct>
            <location>T211</location>
            <inoperation>
                <data sequence="1" value="true"/>
                <data sequence="7" value="false"/>
                <data sequence="8" value="false"/>
                <data sequence="9" value="false"/>
                <data sequence="10" value="false"/>
            </inoperation>
        </conduct>
        <conduct>
            <location>L2</location>
            <inoperation>
                <data sequence="1" value="true"/>
                <data sequence="7" value="false"/>
                <data sequence="8" value="false"/>
                <data sequence="9" value="false"/>
                <data sequence="10" value="false"/>
            </inoperation>
        </conduct>
        <conduct>
            <location>L3</location>
            <inoperation>
                <data sequence="1" value="true"/>
                <data sequence="7" value="false"/>
                <data sequence="8" value="false"/>
                <data sequence="9" value="false"/>
                <data sequence="10" value="false"/>
            </inoperation>
        </conduct>
        <conduct>
            <location>L4</location>
            <inoperation>
                <data sequence="1" value="true"/>
                <data sequence="7" value="false"/>
                <data sequence="8" value="false"/>
                <data sequence="9" value="false"/>
                <data sequence="10" value="false"/>
            </inoperation>
        </conduct>
        <conduct>
            <location>CB34</location>
            <inoperation>
                <data sequence="1" value="true"/>
            </inoperation>
        </conduct>
        <conduct>
            <location>L5</location>
            <inoperation>
                <data sequence="1" value="true"/>
                <data sequence="7" value="false"/>
                <data sequence="8" value="false"/>
                <data sequence="9" value="false"/>
                <data sequence="10" value="false"/>
            </inoperation>
        </conduct>
        <conduct>
            <location>L6</location>
            <inoperation>
                <data sequence="1" value="true"/>
                <data sequence="7" value="false"/>
                <data sequence="8" value="false"/>
                <data sequence="9" value="false"/>
                <data sequence="10" value="false"/>
            </inoperation>
        </conduct>
        <conduct>
            <location>L7</location>
            <inoperation>
                <data sequence="1" value="true"/>
                <data sequence="7" value="false"/>
                <data sequence="8" value="false"/>
                <data sequence="9" value="false"/>
                <data sequence="10" value="false"/>
            </inoperation>
        </conduct>
    </circuitbreaker>
    <transformer>
        <conduct strans="true">
            <location>ADSC_SS</location>
            <p unit="W" multiplier="M">
                <data sequence="1" value="0.015"/>
            </p>
            <inoperation>
                <data sequence="1" value="true"/>
            </inoperation>
            <voltage>66kV/11kV</voltage>
            <cablelength unit="m" multiplier="K">0.02</cablelength>
            <cabletype>4Cx10</cabletype>
        </conduct>
<!--        <conduct>-->
<!--            <location>ADSC_SS</location>-->
<!--            <p unit="W" multiplier="M">-->
<!--                <data sequence="1" value="0.015"/>-->
<!--            </p>-->
<!--            <inoperation>-->
<!--                <data sequence="1" value="true"/>-->
<!--            </inoperation>-->
<!--            <voltage>66kV/11kV</voltage>-->
<!--            <cablelength unit="m" multiplier="K">0.02</cablelength>-->
<!--            <cabletype>4Cx10</cabletype>-->
<!--        </conduct>-->
    </transformer>
    <generator>
        <conduct sgen="true">
            <location>66_1/Feeder1</location>
            <p unit="W" multiplier="M">
                <data sequence="1" value="2.0"/>
            </p>
            <inoperation>
                <data sequence="1" value="true"/>
            </inoperation>
            <voltage>1</voltage>
            <cablelength unit="m" multiplier="K">0.02</cablelength>
            <cabletype>4Cx10</cabletype>
        </conduct>
        <conduct sgen="true">
            <location>66_2/Feeder2</location>
            <p unit="W" multiplier="M">
                <data sequence="1" value="0.1"/>
            </p>
            <inoperation>
                <data sequence="1" value="true"/>
            </inoperation>
            <voltage>1</voltage>
            <cablelength unit="m" multiplier="K">0.02</cablelength>
            <cabletype>4Cx10</cabletype>
        </conduct>
    </generator>
    <cable>
        <conduct>
            <name>4Cx70</name>
            <resistance unit="ohm" per="km">0.343</resistance>
            <reactance unit="ohm" per="km">0.077</reactance>
            <capacitance unit="F" multiplier="micro" per="km">0.53</capacitance>
            <maxcurrent unit="A">212</maxcurrent>
        </conduct>
        <conduct>
            <name>4Cx10</name>
            <resistance unit="ohm" per="km">2.34</resistance>
            <reactance unit="ohm" per="km">0.0837</reactance>
            <capacitance unit="F" multiplier="micro" per="km">0.31</capacitance>
            <maxcurrent unit="A">74</maxcurrent>
        </conduct>
        <conduct>
            <name>4Cx25</name>
            <resistance unit="ohm" per="km">0.931</resistance>
            <reactance unit="ohm" per="km">0.08</reactance>
            <capacitance unit="F" multiplier="micro" per="km">0.41</capacitance>
            <maxcurrent unit="A">122</maxcurrent>
        </conduct>
    </cable>
</conductconfig>